{
"lengthUnit": "mil",
"components": {
	"fields": ["COMPONENT_NO", "COMPONENT_NAME", "LAYER", "X_COORDINATE", "Y_COORDINATE", "ANGLE"],
	"rows": [
		[1, "A_In", "T", 930.08, -557.59, 90],
		[2, "ALUSel", "T", 2380, -360, 0],
		[3, "B_In", "T", 1670, -557.59, 90],
		[4, "C1", "T", 400.78, -259.53, 90],
		[5, "C2", "T", 563.11, -259.53, 90],
		[6, "C3", "T", 477.6, -2054.18, 180],
		[7, "C4", "T", 477.6, -1919.18, 180],
		[8, "C5", "T", 2945.16, -780.63, 270],
		[9, "C6", "T", 2806.42, -780.63, 270],
		[10, "C7", "T", 2945.16, -1741.89, 270],
		[11, "C8", "T", 2806.42, -1741.89, 270],
		[12, "C9", "T", 3680.66, -780.63, 270],
		[13, "C10", "T", 3543.12, -780.63, 270],
		[14, "C11", "T", 3558.12, -1741.89, 270],
		[15, "C12", "T", 3697.64, -1741.89, 270],
		[16, "C13", "T", 1527.6, -2050.76, 180],
		[17, "C14", "T", 1527.6, -1909.18, 180],
		[18, "C15", "T", 2561.14, -2045.76, 180],
		[19, "C16", "T", 2561.14, -1904.18, 180],
		[20, "C17", "T", 3563.86, -2045.76, 180],
		[21, "C18", "T", 3563.86, -1904.18, 180],
		[22, "C19", "T", 4799.77, -1743.07, 0],
		[23, "C20", "T", 4799.77, -1879.65, 0],
		[24, "C21", "T", 4466.3, -2045.76, 0],
		[25, "C22", "T", 4466.3, -1915.76, 0],
		[26, "C23", "T", 4453.86, -346.57, 0],
		[27, "C24", "T", 4453.86, -206.04, 0],
		[28, "LED1", "T", 157.4, -611.5, 0],
		[29, "OVFL", "T", 1793.22, -1490, 270],
		[30, "OVFL_U", "T", 2103.03, -1490, 270],
		[31, "R0_Out", "T", 1460, -1100, 270],
		[32, "R1", "T", 148.88, -735.02, 180],
		[33, "R1_Out", "T", 1795, -1105, 270],
		[34, "R2", "T", 702.89, -172.37, 270],
		[35, "R2_Out", "T", 2123.51, -1105, 270],
		[36, "R3", "T", 848.76, -172.37, 270],
		[37, "R3_Out", "T", 2435, -1105, 270],
		[38, "R4", "T", 998.76, -172.37, 270],
		[39, "R5", "T", 1148.11, -172.37, 270],
		[40, "R6", "T", 1442.89, -172.37, 270],
		[41, "R7", "T", 1585, -172.37, 270],
		[42, "R8", "T", 1733.11, -172.37, 270],
		[43, "R9", "T", 1878.11, -172.37, 270],
		[44, "R10", "T", 2532.89, -699.75, 90],
		[45, "R11", "T", 2380, -699.75, 90],
		[46, "R12", "T", 2233.11, -699.75, 90],
		[47, "R13", "T", 1499.37, -1285.79, 0],
		[48, "R14", "T", 1834.37, -1290, 0],
		[49, "R15", "T", 2162.88, -1288.78, 0],
		[50, "R16", "T", 2474.37, -1294.21, 0],
		[51, "R17", "T", 1826.18, -1670, 0],
		[52, "R18", "T", 2142.4, -1668.78, 0],
		[53, "U1", "T", 3225.01, -470, 90],
		[54, "U2", "T", 736.46, -2340.92, 0],
		[55, "U3", "T", 3225.01, -1435, 90],
		[56, "U4", "T", 3960, -470, 90],
		[57, "U5", "T", 3975, -1435, 90],
		[58, "U6", "T", 1786.46, -2330.92, 0],
		[59, "U9", "T", 3825, -2341.06, 0],
		[60, "U10", "T", 4789.14, -1455, 0],
		[61, "U12", "T", 4800.41, -2335, 0],
		[62, "U13", "T", 4795, -635, 0],
		[63, "U14", "T", 2820, -2335, 0],
		[64, "USB1", "T", 155, -275, 270]
	]
},
"pins": {
	"fields": ["PIN_NO", "PIN_NAME", "PIN_X", "PIN_Y", "LAYER", "PIN_TYPE", "NET_NAME", "NET_TYPE", "PAD_SHAPE", "PAD_SIZEX", "PAD_SIZEY", "HOLE_SIZE", "PAD_ANGLE"],
	"rows": [
		[1, "A_In_1", 780.08, -734.76, "T", "SMD", "VCC", "", "R", 78.74, 43.31, 0, 90],
		[2, "A_In_2", 880.08, -734.76, "T", "SMD", "VCC", "", "R", 78.74, 43.31, 0, 90],
		[3, "A_In_3", 980.08, -734.76, "T", "SMD", "VCC", "", "R", 78.74, 43.31, 0, 90],
		[4, "A_In_4", 1080.08, -734.76, "T", "SMD", "VCC", "", "R", 78.74, 43.31, 0, 90],
		[5, "A_In_5", 1080.08, -380.43, "T", "SMD", "A0", "", "R", 78.74, 43.31, 0, 90],
		[6, "A_In_6", 980.08, -380.43, "T", "SMD", "A1", "", "R", 78.74, 43.31, 0, 90],
		[7, "A_In_7", 880.08, -380.43, "T", "SMD", "A2", "", "R", 78.74, 43.31, 0, 90],
		[8, "A_In_8", 780.08, -380.43, "T", "SMD", "A3", "", "R", 78.74, 43.31, 0, 90],
		[9, "ALUSel_1", 2280, -535.19, "T", "SMD", "AS0", "", "R", 47.24, 78.74, 0, 0],
		[10, "ALUSel_2", 2380, -535.19, "T", "SMD", "AS1", "", "R", 47.24, 78.74, 0, 0],
		[11, "ALUSel_3", 2480, -535.19, "T", "SMD", "AS2", "", "R", 47.24, 78.74, 0, 0],
		[12, "ALUSel_4", 2480, -184.81, "T", "SMD", "VCC", "", "R", 47.24, 78.74, 0, 0],
		[13, "ALUSel_5", 2380, -184.81, "T", "SMD", "VCC", "", "R", 47.24, 78.74, 0, 0],
		[14, "ALUSel_6", 2280, -184.81, "T", "SMD", "VCC", "", "R", 47.24, 78.74, 0, 0],
		[15, "B_In_1", 1520, -734.75, "T", "SMD", "VCC", "", "R", 78.74, 43.31, 0, 90],
		[16, "B_In_2", 1620, -734.75, "T", "SMD", "VCC", "", "R", 78.74, 43.31, 0, 90],
		[17, "B_In_3", 1720, -734.75, "T", "SMD", "VCC", "", "R", 78.74, 43.31, 0, 90],
		[18, "B_In_4", 1820, -734.75, "T", "SMD", "VCC", "", "R", 78.74, 43.31, 0, 90],
		[19, "B_In_5", 1820, -380.43, "T", "SMD", "B0", "", "R", 78.74, 43.31, 0, 90],
		[20, "B_In_6", 1720, -380.43, "T", "SMD", "B1", "", "R", 78.74, 43.31, 0, 90],
		[21, "B_In_7", 1620, -380.43, "T", "SMD", "B2", "", "R", 78.74, 43.31, 0, 90],
		[22, "B_In_8", 1520, -380.43, "T", "SMD", "B3", "", "R", 78.74, 43.31, 0, 90],
		[23, "C1_1", 400.78, -298.9, "T", "SMD", "GND", "GND", "R", 55.51, 53.15, 0, 90],
		[24, "C1_2", 400.78, -220.16, "T", "SMD", "VCC", "", "R", 55.51, 53.15, 0, 90],
		[25, "C2_1", 563.11, -298.9, "T", "SMD", "GND", "GND", "R", 55.51, 53.15, 0, 90],
		[26, "C2_2", 563.11, -220.16, "T", "SMD", "VCC", "", "R", 55.51, 53.15, 0, 90],
		[27, "C3_1", 516.97, -2054.18, "T", "SMD", "GND", "GND", "R", 55.51, 53.15, 0, 180],
		[28, "C3_2", 438.23, -2054.18, "T", "SMD", "VCC", "", "R", 55.51, 53.15, 0, 180],
		[29, "C4_1", 516.97, -1919.18, "T", "SMD", "GND", "GND", "R", 55.51, 53.15, 0, 180],
		[30, "C4_2", 438.23, -1919.18, "T", "SMD", "VCC", "", "R", 55.51, 53.15, 0, 180],
		[31, "C5_1", 2945.16, -741.26, "T", "SMD", "GND", "GND", "R", 55.51, 53.15, 0, 270],
		[32, "C5_2", 2945.16, -820, "T", "SMD", "VCC", "", "R", 55.51, 53.15, 0, 270],
		[33, "C6_1", 2806.42, -741.26, "T", "SMD", "GND", "GND", "R", 55.51, 53.15, 0, 270],
		[34, "C6_2", 2806.42, -820, "T", "SMD", "VCC", "", "R", 55.51, 53.15, 0, 270],
		[35, "C7_1", 2945.16, -1702.52, "T", "SMD", "GND", "GND", "R", 55.51, 53.15, 0, 270],
		[36, "C7_2", 2945.16, -1781.26, "T", "SMD", "VCC", "", "R", 55.51, 53.15, 0, 270],
		[37, "C8_1", 2806.42, -1702.52, "T", "SMD", "GND", "GND", "R", 55.51, 53.15, 0, 270],
		[38, "C8_2", 2806.42, -1781.26, "T", "SMD", "VCC", "", "R", 55.51, 53.15, 0, 270],
		[39, "C9_1", 3680.66, -741.26, "T", "SMD", "GND", "GND", "R", 55.51, 53.15, 0, 270],
		[40, "C9_2", 3680.66, -820, "T", "SMD", "VCC", "", "R", 55.51, 53.15, 0, 270],
		[41, "C10_1", 3543.12, -741.26, "T", "SMD", "GND", "GND", "R", 55.51, 53.15, 0, 270],
		[42, "C10_2", 3543.12, -820, "T", "SMD", "VCC", "", "R", 55.51, 53.15, 0, 270],
		[43, "C11_1", 3558.12, -1702.52, "T", "SMD", "GND", "GND", "R", 55.51, 53.15, 0, 270],
		[44, "C11_2", 3558.12, -1781.26, "T", "SMD", "VCC", "", "R", 55.51, 53.15, 0, 270],
		[45, "C12_1", 3697.64, -1702.52, "T", "SMD", "GND", "GND", "R", 55.51, 53.15, 0, 270],
		[46, "C12_2", 3697.64, -1781.26, "T", "SMD", "VCC", "", "R", 55.51, 53.15, 0, 270],
		[47, "C13_1", 1566.97, -2050.76, "T", "SMD", "GND", "GND", "R", 55.51, 53.15, 0, 180],
		[48, "C13_2", 1488.23, -2050.76, "T", "SMD", "VCC", "", "R", 55.51, 53.15, 0, 180],
		[49, "C14_1", 1566.97, -1909.18, "T", "SMD", "GND", "GND", "R", 55.51, 53.15, 0, 180],
		[50, "C14_2", 1488.23, -1909.18, "T", "SMD", "VCC", "", "R", 55.51, 53.15, 0, 180],
		[51, "C15_1", 2600.51, -2045.76, "T", "SMD", "GND", "GND", "R", 55.51, 53.15, 0, 180],
		[52, "C15_2", 2521.77, -2045.76, "T", "SMD", "VCC", "", "R", 55.51, 53.15, 0, 180],
		[53, "C16_1", 2600.51, -1904.18, "T", "SMD", "GND", "GND", "R", 55.51, 53.15, 0, 180],
		[54, "C16_2", 2521.77, -1904.18, "T", "SMD", "VCC", "", "R", 55.51, 53.15, 0, 180],
		[55, "C17_1", 3603.23, -2045.76, "T", "SMD", "GND", "GND", "R", 55.51, 53.15, 0, 180],
		[56, "C17_2", 3524.49, -2045.76, "T", "SMD", "VCC", "", "R", 55.51, 53.15, 0, 180],
		[57, "C18_1", 3603.23, -1904.18, "T", "SMD", "GND", "GND", "R", 55.51, 53.15, 0, 180],
		[58, "C18_2", 3524.49, -1904.18, "T", "SMD", "VCC", "", "R", 55.51, 53.15, 0, 180],
		[59, "C19_1", 4760.4, -1743.07, "T", "SMD", "GND", "GND", "R", 55.51, 53.15, 0, 0],
		[60, "C19_2", 4839.14, -1743.07, "T", "SMD", "VCC", "", "R", 55.51, 53.15, 0, 0],
		[61, "C20_1", 4760.4, -1879.65, "T", "SMD", "GND", "GND", "R", 55.51, 53.15, 0, 0],
		[62, "C20_2", 4839.14, -1879.65, "T", "SMD", "VCC", "", "R", 55.51, 53.15, 0, 0],
		[63, "C21_1", 4426.93, -2045.76, "T", "SMD", "GND", "GND", "R", 55.51, 53.15, 0, 0],
		[64, "C21_2", 4505.67, -2045.76, "T", "SMD", "VCC", "", "R", 55.51, 53.15, 0, 0],
		[65, "C22_1", 4426.93, -1915.76, "T", "SMD", "GND", "GND", "R", 55.51, 53.15, 0, 0],
		[66, "C22_2", 4505.67, -1915.76, "T", "SMD", "VCC", "", "R", 55.51, 53.15, 0, 0],
		[67, "C23_1", 4414.49, -346.57, "T", "SMD", "GND", "GND", "R", 55.51, 53.15, 0, 0],
		[68, "C23_2", 4493.23, -346.57, "T", "SMD", "VCC", "", "R", 55.51, 53.15, 0, 0],
		[69, "C24_1", 4414.49, -206.04, "T", "SMD", "GND", "GND", "R", 55.51, 53.15, 0, 0],
		[70, "C24_2", 4493.23, -206.04, "T", "SMD", "VCC", "", "R", 55.51, 53.15, 0, 0],
		[71, "LED1_1", 112.12, -611.3, "T", "SMD", "$1N1135", "", "R", 39.37, 49.21, 0, 180],
		[72, "LED1_2", 198.74, -611.3, "T", "SMD", "VCC", "", "R", 39.37, 49.21, 0, 180],
		[73, "OVFL_1", 1793.22, -1440, "T", "DIP", "VCC", "", "C", 60, 60, 36, 270],
		[74, "OVFL_1", 1793.22, -1440, "B", "DIP", "VCC", "", "C", 60, 60, 36, 270],
		[75, "OVFL_2", 1793.22, -1540, "T", "DIP", "$1N8803", "", "C", 60, 60, 36, 270],
		[76, "OVFL_2", 1793.22, -1540, "B", "DIP", "$1N8803", "", "C", 60, 60, 36, 270],
		[77, "OVFL_U_1", 2103.03, -1440, "T", "DIP", "VCC", "", "C", 60, 60, 36, 270],
		[78, "OVFL_U_1", 2103.03, -1440, "B", "DIP", "VCC", "", "C", 60, 60, 36, 270],
		[79, "OVFL_U_2", 2103.03, -1540, "T", "DIP", "$1N8807", "", "C", 60, 60, 36, 270],
		[80, "OVFL_U_2", 2103.03, -1540, "B", "DIP", "$1N8807", "", "C", 60, 60, 36, 270],
		[81, "R0_Out_1", 1460, -1050, "T", "DIP", "VCC", "", "C", 60, 60, 36, 270],
		[82, "R0_Out_1", 1460, -1050, "B", "DIP", "VCC", "", "C", 60, 60, 36, 270],
		[83, "R0_Out_2", 1460, -1150, "T", "DIP", "$1N6079", "", "C", 60, 60, 36, 270],
		[84, "R0_Out_2", 1460, -1150, "B", "DIP", "$1N6079", "", "C", 60, 60, 36, 270],
		[85, "R1_1", 188.25, -735.02, "T", "SMD", "GND", "GND", "R", 44.59, 54.21, 0, 180],
		[86, "R1_2", 109.51, -735.02, "T", "SMD", "$1N1135", "", "R", 44.59, 54.21, 0, 180],
		[87, "R1_Out_1", 1795, -1055, "T", "DIP", "VCC", "", "C", 60, 60, 36, 270],
		[88, "R1_Out_1", 1795, -1055, "B", "DIP", "VCC", "", "C", 60, 60, 36, 270],
		[89, "R1_Out_2", 1795, -1155, "T", "DIP", "$1N8556", "", "C", 60, 60, 36, 270],
		[90, "R1_Out_2", 1795, -1155, "B", "DIP", "$1N8556", "", "C", 60, 60, 36, 270],
		[91, "R2_1", 702.89, -133, "T", "SMD", "GND", "GND", "R", 44.59, 54.21, 0, 270],
		[92, "R2_2", 702.89, -211.74, "T", "SMD", "A3", "", "R", 44.59, 54.21, 0, 270],
		[93, "R2_Out_1", 2123.51, -1055, "T", "DIP", "VCC", "", "C", 60, 60, 36, 270],
		[94, "R2_Out_1", 2123.51, -1055, "B", "DIP", "VCC", "", "C", 60, 60, 36, 270],
		[95, "R2_Out_2", 2123.51, -1155, "T", "DIP", "$1N8619", "", "C", 60, 60, 36, 270],
		[96, "R2_Out_2", 2123.51, -1155, "B", "DIP", "$1N8619", "", "C", 60, 60, 36, 270],
		[97, "R3_1", 848.76, -133, "T", "SMD", "GND", "GND", "R", 44.59, 54.21, 0, 270],
		[98, "R3_2", 848.76, -211.74, "T", "SMD", "A2", "", "R", 44.59, 54.21, 0, 270],
		[99, "R3_Out_1", 2435, -1055, "T", "DIP", "VCC", "", "C", 60, 60, 36, 270],
		[100, "R3_Out_1", 2435, -1055, "B", "DIP", "VCC", "", "C", 60, 60, 36, 270],
		[101, "R3_Out_2", 2435, -1155, "T", "DIP", "$1N8682", "", "C", 60, 60, 36, 270],
		[102, "R3_Out_2", 2435, -1155, "B", "DIP", "$1N8682", "", "C", 60, 60, 36, 270],
		[103, "R4_1", 998.76, -133, "T", "SMD", "GND", "GND", "R", 44.59, 54.21, 0, 270],
		[104, "R4_2", 998.76, -211.74, "T", "SMD", "A1", "", "R", 44.59, 54.21, 0, 270],
		[105, "R5_1", 1148.11, -133, "T", "SMD", "GND", "GND", "R", 44.59, 54.21, 0, 270],
		[106, "R5_2", 1148.11, -211.74, "T", "SMD", "A0", "", "R", 44.59, 54.21, 0, 270],
		[107, "R6_1", 1442.89, -133, "T", "SMD", "GND", "GND", "R", 44.59, 54.21, 0, 270],
		[108, "R6_2", 1442.89, -211.74, "T", "SMD", "B3", "", "R", 44.59, 54.21, 0, 270],
		[109, "R7_1", 1585, -133, "T", "SMD", "GND", "GND", "R", 44.59, 54.21, 0, 270],
		[110, "R7_2", 1585, -211.74, "T", "SMD", "B2", "", "R", 44.59, 54.21, 0, 270],
		[111, "R8_1", 1733.11, -133, "T", "SMD", "GND", "GND", "R", 44.59, 54.21, 0, 270],
		[112, "R8_2", 1733.11, -211.74, "T", "SMD", "B1", "", "R", 44.59, 54.21, 0, 270],
		[113, "R9_1", 1878.11, -133, "T", "SMD", "GND", "GND", "R", 44.59, 54.21, 0, 270],
		[114, "R9_2", 1878.11, -211.74, "T", "SMD", "B0", "", "R", 44.59, 54.21, 0, 270],
		[115, "R10_1", 2532.89, -739.13, "T", "SMD", "GND", "GND", "R", 44.59, 54.21, 0, 90],
		[116, "R10_2", 2532.89, -660.38, "T", "SMD", "AS2", "", "R", 44.59, 54.21, 0, 90],
		[117, "R11_1", 2380, -739.13, "T", "SMD", "GND", "GND", "R", 44.59, 54.21, 0, 90],
		[118, "R11_2", 2380, -660.38, "T", "SMD", "AS1", "", "R", 44.59, 54.21, 0, 90],
		[119, "R12_1", 2233.11, -739.13, "T", "SMD", "GND", "GND", "R", 44.59, 54.21, 0, 90],
		[120, "R12_2", 2233.11, -660.38, "T", "SMD", "AS0", "", "R", 44.59, 54.21, 0, 90],
		[121, "R13_1", 1460, -1285.79, "T", "SMD", "$1N6079", "", "R", 44.59, 54.21, 0, 0],
		[122, "R13_2", 1538.74, -1285.79, "T", "SMD", "N_R0", "", "R", 44.59, 54.21, 0, 0],
		[123, "R14_1", 1795, -1290, "T", "SMD", "$1N8556", "", "R", 44.59, 54.21, 0, 0],
		[124, "R14_2", 1873.74, -1290, "T", "SMD", "N_R1", "", "R", 44.59, 54.21, 0, 0],
		[125, "R15_1", 2123.51, -1288.78, "T", "SMD", "$1N8619", "", "R", 44.59, 54.21, 0, 0],
		[126, "R15_2", 2202.25, -1288.78, "T", "SMD", "N_R2", "", "R", 44.59, 54.21, 0, 0],
		[127, "R16_1", 2435, -1294.21, "T", "SMD", "$1N8682", "", "R", 44.59, 54.21, 0, 0],
		[128, "R16_2", 2513.74, -1294.21, "T", "SMD", "N_R3", "", "R", 44.59, 54.21, 0, 0],
		[129, "R17_1", 1786.81, -1670, "T", "SMD", "$1N8803", "", "R", 44.59, 54.21, 0, 0],
		[130, "R17_2", 1865.55, -1670, "T", "SMD", "N_OVFL", "", "R", 44.59, 54.21, 0, 0],
		[131, "R18_1", 2103.03, -1668.78, "T", "SMD", "$1N8807", "", "R", 44.59, 54.21, 0, 0],
		[132, "R18_2", 2181.77, -1668.78, "T", "SMD", "N_OVFL_U", "", "R", 44.59, 54.21, 0, 0],
		[133, "U1_1", 3375.01, -820, "T", "DIP", "AND1", "", "R", 62.99, 62.99, 39.37, 180],
		[134, "U1_1", 3375.01, -820, "B", "DIP", "AND1", "", "R", 62.99, 62.99, 39.37, 180],
		[135, "U1_2", 3375.01, -720, "T", "DIP", "NOT1", "", "C", 62.99, 62.99, 39.37, 180],
		[136, "U1_2", 3375.01, -720, "B", "DIP", "NOT1", "", "C", 62.99, 62.99, 39.37, 180],
		[137, "U1_3", 3375.01, -620, "T", "DIP", "ADD1", "", "C", 62.99, 62.99, 39.37, 180],
		[138, "U1_3", 3375.01, -620, "B", "DIP", "ADD1", "", "C", 62.99, 62.99, 39.37, 180],
		[139, "U1_4", 3375.01, -520, "T", "DIP", "ADD1", "", "C", 62.99, 62.99, 39.37, 180],
		[140, "U1_4", 3375.01, -520, "B", "DIP", "ADD1", "", "C", 62.99, 62.99, 39.37, 180],
		[141, "U1_5", 3375.01, -420, "T", "DIP", "U1_5", "", "C", 62.99, 62.99, 39.37, 180],
		[142, "U1_5", 3375.01, -420, "B", "DIP", "U1_5", "", "C", 62.99, 62.99, 39.37, 180],
		[143, "U1_6", 3375.01, -320, "T", "DIP", "N_R1", "", "C", 62.99, 62.99, 39.37, 180],
		[144, "U1_6", 3375.01, -320, "B", "DIP", "N_R1", "", "C", 62.99, 62.99, 39.37, 180],
		[145, "U1_7", 3375.01, -220, "T", "DIP", "GND", "GND", "C", 62.99, 62.99, 39.37, 180],
		[146, "U1_7", 3375.01, -220, "B", "DIP", "GND", "GND", "C", 62.99, 62.99, 39.37, 180],
		[147, "U1_8", 3375.01, -120, "T", "DIP", "GND", "GND", "C", 62.99, 62.99, 39.37, 180],
		[148, "U1_8", 3375.01, -120, "B", "DIP", "GND", "GND", "C", 62.99, 62.99, 39.37, 180],
		[149, "U1_9", 3075.01, -120, "T", "DIP", "AS2", "", "C", 62.99, 62.99, 39.37, 180],
		[150, "U1_9", 3075.01, -120, "B", "DIP", "AS2", "", "C", 62.99, 62.99, 39.37, 180],
		[151, "U1_10", 3075.01, -220, "T", "DIP", "AS1", "", "C", 62.99, 62.99, 39.37, 180],
		[152, "U1_10", 3075.01, -220, "B", "DIP", "AS1", "", "C", 62.99, 62.99, 39.37, 180],
		[153, "U1_11", 3075.01, -320, "T", "DIP", "AS0", "", "C", 62.99, 62.99, 39.37, 180],
		[154, "U1_11", 3075.01, -320, "B", "DIP", "AS0", "", "C", 62.99, 62.99, 39.37, 180],
		[155, "U1_12", 3075.01, -420, "T", "DIP", "B1", "", "C", 62.99, 62.99, 39.37, 180],
		[156, "U1_12", 3075.01, -420, "B", "DIP", "B1", "", "C", 62.99, 62.99, 39.37, 180],
		[157, "U1_13", 3075.01, -520, "T", "DIP", "A1", "", "C", 62.99, 62.99, 39.37, 180],
		[158, "U1_13", 3075.01, -520, "B", "DIP", "A1", "", "C", 62.99, 62.99, 39.37, 180],
		[159, "U1_14", 3075.01, -620, "T", "DIP", "XOR1", "", "C", 62.99, 62.99, 39.37, 180],
		[160, "U1_14", 3075.01, -620, "B", "DIP", "XOR1", "", "C", 62.99, 62.99, 39.37, 180],
		[161, "U1_15", 3075.01, -720, "T", "DIP", "OR1", "", "C", 62.99, 62.99, 39.37, 180],
		[162, "U1_15", 3075.01, -720, "B", "DIP", "OR1", "", "C", 62.99, 62.99, 39.37, 180],
		[163, "U1_16", 3075.01, -820, "T", "DIP", "VCC", "", "C", 62.99, 62.99, 39.37, 180],
		[164, "U1_16", 3075.01, -820, "B", "DIP", "VCC", "", "C", 62.99, 62.99, 39.37, 180],
		[165, "U2_1", 436.46, -2490.94, "T", "DIP", "A0", "", "R", 78.74, 59.05, 39.37, 90],
		[166, "U2_1", 436.46, -2490.94, "B", "DIP", "A0", "", "R", 78.74, 59.05, 39.37, 90],
		[167, "U2_2", 536.46, -2490.94, "T", "DIP", "NOT0", "", "O", 78.74, 59.05, 39.37, 90],
		[168, "U2_2", 536.46, -2490.94, "B", "DIP", "NOT0", "", "O", 78.74, 59.05, 39.37, 90],
		[169, "U2_3", 636.46, -2490.94, "T", "DIP", "A1", "", "O", 78.74, 59.05, 39.37, 90],
		[170, "U2_3", 636.46, -2490.94, "B", "DIP", "A1", "", "O", 78.74, 59.05, 39.37, 90],
		[171, "U2_4", 736.46, -2490.94, "T", "DIP", "NOT1", "", "O", 78.74, 59.05, 39.37, 90],
		[172, "U2_4", 736.46, -2490.94, "B", "DIP", "NOT1", "", "O", 78.74, 59.05, 39.37, 90],
		[173, "U2_5", 836.46, -2490.94, "T", "DIP", "A2", "", "O", 78.74, 59.05, 39.37, 90],
		[174, "U2_5", 836.46, -2490.94, "B", "DIP", "A2", "", "O", 78.74, 59.05, 39.37, 90],
		[175, "U2_6", 936.46, -2490.94, "T", "DIP", "NOT2", "", "O", 78.74, 59.05, 39.37, 90],
		[176, "U2_6", 936.46, -2490.94, "B", "DIP", "NOT2", "", "O", 78.74, 59.05, 39.37, 90],
		[177, "U2_7", 1036.46, -2490.94, "T", "DIP", "GND", "GND", "O", 78.74, 59.05, 39.37, 90],
		[178, "U2_7", 1036.46, -2490.94, "B", "DIP", "GND", "GND", "O", 78.74, 59.05, 39.37, 90],
		[179, "U2_8", 1036.46, -2190.9, "T", "DIP", "NOT3", "", "O", 78.74, 59.05, 39.37, 90],
		[180, "U2_8", 1036.46, -2190.9, "B", "DIP", "NOT3", "", "O", 78.74, 59.05, 39.37, 90],
		[181, "U2_9", 936.46, -2190.94, "T", "DIP", "A3", "", "O", 78.74, 59.05, 39.37, 90],
		[182, "U2_9", 936.46, -2190.94, "B", "DIP", "A3", "", "O", 78.74, 59.05, 39.37, 90],
		[183, "U2_10", 836.46, -2190.94, "T", "DIP", "N_OVFL", "", "O", 78.74, 59.05, 39.37, 90],
		[184, "U2_10", 836.46, -2190.94, "B", "DIP", "N_OVFL", "", "O", 78.74, 59.05, 39.37, 90],
		[185, "U2_11", 736.46, -2190.94, "T", "DIP", "OVFL", "", "O", 78.74, 59.05, 39.37, 90],
		[186, "U2_11", 736.46, -2190.94, "B", "DIP", "OVFL", "", "O", 78.74, 59.05, 39.37, 90],
		[187, "U2_12", 636.46, -2190.94, "T", "DIP", "N_OVFL_U", "", "O", 78.74, 59.05, 39.37, 90],
		[188, "U2_12", 636.46, -2190.94, "B", "DIP", "N_OVFL_U", "", "O", 78.74, 59.05, 39.37, 90],
		[189, "U2_13", 536.46, -2190.94, "T", "DIP", "OVFL_U", "", "O", 78.74, 59.05, 39.37, 90],
		[190, "U2_13", 536.46, -2190.94, "B", "DIP", "OVFL_U", "", "O", 78.74, 59.05, 39.37, 90],
		[191, "U2_14", 436.46, -2190.94, "T", "DIP", "VCC", "", "O", 78.74, 59.05, 39.37, 90],
		[192, "U2_14", 436.46, -2190.94, "B", "DIP", "VCC", "", "O", 78.74, 59.05, 39.37, 90],
		[193, "U3_1", 3375.01, -1785, "T", "DIP", "AND2", "", "R", 62.99, 62.99, 39.37, 180],
		[194, "U3_1", 3375.01, -1785, "B", "DIP", "AND2", "", "R", 62.99, 62.99, 39.37, 180],
		[195, "U3_2", 3375.01, -1685, "T", "DIP", "NOT2", "", "C", 62.99, 62.99, 39.37, 180],
		[196, "U3_2", 3375.01, -1685, "B", "DIP", "NOT2", "", "C", 62.99, 62.99, 39.37, 180],
		[197, "U3_3", 3375.01, -1585, "T", "DIP", "ADD2", "", "C", 62.99, 62.99, 39.37, 180],
		[198, "U3_3", 3375.01, -1585, "B", "DIP", "ADD2", "", "C", 62.99, 62.99, 39.37, 180],
		[199, "U3_4", 3375.01, -1485, "T", "DIP", "ADD2", "", "C", 62.99, 62.99, 39.37, 180],
		[200, "U3_4", 3375.01, -1485, "B", "DIP", "ADD2", "", "C", 62.99, 62.99, 39.37, 180],
		[201, "U3_5", 3375.01, -1385, "T", "DIP", "U3_5", "", "C", 62.99, 62.99, 39.37, 180],
		[202, "U3_5", 3375.01, -1385, "B", "DIP", "U3_5", "", "C", 62.99, 62.99, 39.37, 180],
		[203, "U3_6", 3375.01, -1285, "T", "DIP", "N_R2", "", "C", 62.99, 62.99, 39.37, 180],
		[204, "U3_6", 3375.01, -1285, "B", "DIP", "N_R2", "", "C", 62.99, 62.99, 39.37, 180],
		[205, "U3_7", 3375.01, -1185, "T", "DIP", "GND", "GND", "C", 62.99, 62.99, 39.37, 180],
		[206, "U3_7", 3375.01, -1185, "B", "DIP", "GND", "GND", "C", 62.99, 62.99, 39.37, 180],
		[207, "U3_8", 3375.01, -1085, "T", "DIP", "GND", "GND", "C", 62.99, 62.99, 39.37, 180],
		[208, "U3_8", 3375.01, -1085, "B", "DIP", "GND", "GND", "C", 62.99, 62.99, 39.37, 180],
		[209, "U3_9", 3075.01, -1085, "T", "DIP", "AS2", "", "C", 62.99, 62.99, 39.37, 180],
		[210, "U3_9", 3075.01, -1085, "B", "DIP", "AS2", "", "C", 62.99, 62.99, 39.37, 180],
		[211, "U3_10", 3075.01, -1185, "T", "DIP", "AS1", "", "C", 62.99, 62.99, 39.37, 180],
		[212, "U3_10", 3075.01, -1185, "B", "DIP", "AS1", "", "C", 62.99, 62.99, 39.37, 180],
		[213, "U3_11", 3075.01, -1285, "T", "DIP", "AS0", "", "C", 62.99, 62.99, 39.37, 180],
		[214, "U3_11", 3075.01, -1285, "B", "DIP", "AS0", "", "C", 62.99, 62.99, 39.37, 180],
		[215, "U3_12", 3075.01, -1385, "T", "DIP", "B2", "", "C", 62.99, 62.99, 39.37, 180],
		[216, "U3_12", 3075.01, -1385, "B", "DIP", "B2", "", "C", 62.99, 62.99, 39.37, 180],
		[217, "U3_13", 3075.01, -1485, "T", "DIP", "A2", "", "C", 62.99, 62.99, 39.37, 180],
		[218, "U3_13", 3075.01, -1485, "B", "DIP", "A2", "", "C", 62.99, 62.99, 39.37, 180],
		[219, "U3_14", 3075.01, -1585, "T", "DIP", "XOR2", "", "C", 62.99, 62.99, 39.37, 180],
		[220, "U3_14", 3075.01, -1585, "B", "DIP", "XOR2", "", "C", 62.99, 62.99, 39.37, 180],
		[221, "U3_15", 3075.01, -1685, "T", "DIP", "OR2", "", "C", 62.99, 62.99, 39.37, 180],
		[222, "U3_15", 3075.01, -1685, "B", "DIP", "OR2", "", "C", 62.99, 62.99, 39.37, 180],
		[223, "U3_16", 3075.01, -1785, "T", "DIP", "VCC", "", "C", 62.99, 62.99, 39.37, 180],
		[224, "U3_16", 3075.01, -1785, "B", "DIP", "VCC", "", "C", 62.99, 62.99, 39.37, 180],
		[225, "U4_1", 4110, -820, "T", "DIP", "AND0", "", "R", 62.99, 62.99, 39.37, 180],
		[226, "U4_1", 4110, -820, "B", "DIP", "AND0", "", "R", 62.99, 62.99, 39.37, 180],
		[227, "U4_2", 4110, -720, "T", "DIP", "NOT0", "", "C", 62.99, 62.99, 39.37, 180],
		[228, "U4_2", 4110, -720, "B", "DIP", "NOT0", "", "C", 62.99, 62.99, 39.37, 180],
		[229, "U4_3", 4110, -620, "T", "DIP", "ADD0", "", "C", 62.99, 62.99, 39.37, 180],
		[230, "U4_3", 4110, -620, "B", "DIP", "ADD0", "", "C", 62.99, 62.99, 39.37, 180],
		[231, "U4_4", 4110, -520, "T", "DIP", "ADD0", "", "C", 62.99, 62.99, 39.37, 180],
		[232, "U4_4", 4110, -520, "B", "DIP", "ADD0", "", "C", 62.99, 62.99, 39.37, 180],
		[233, "U4_5", 4110, -420, "T", "DIP", "U4_5", "", "C", 62.99, 62.99, 39.37, 180],
		[234, "U4_5", 4110, -420, "B", "DIP", "U4_5", "", "C", 62.99, 62.99, 39.37, 180],
		[235, "U4_6", 4110, -320, "T", "DIP", "N_R0", "", "C", 62.99, 62.99, 39.37, 180],
		[236, "U4_6", 4110, -320, "B", "DIP", "N_R0", "", "C", 62.99, 62.99, 39.37, 180],
		[237, "U4_7", 4110, -220, "T", "DIP", "GND", "GND", "C", 62.99, 62.99, 39.37, 180],
		[238, "U4_7", 4110, -220, "B", "DIP", "GND", "GND", "C", 62.99, 62.99, 39.37, 180],
		[239, "U4_8", 4110, -120, "T", "DIP", "GND", "GND", "C", 62.99, 62.99, 39.37, 180],
		[240, "U4_8", 4110, -120, "B", "DIP", "GND", "GND", "C", 62.99, 62.99, 39.37, 180],
		[241, "U4_9", 3810, -120, "T", "DIP", "AS2", "", "C", 62.99, 62.99, 39.37, 180],
		[242, "U4_9", 3810, -120, "B", "DIP", "AS2", "", "C", 62.99, 62.99, 39.37, 180],
		[243, "U4_10", 3810, -220, "T", "DIP", "AS1", "", "C", 62.99, 62.99, 39.37, 180],
		[244, "U4_10", 3810, -220, "B", "DIP", "AS1", "", "C", 62.99, 62.99, 39.37, 180],
		[245, "U4_11", 3810, -320, "T", "DIP", "AS0", "", "C", 62.99, 62.99, 39.37, 180],
		[246, "U4_11", 3810, -320, "B", "DIP", "AS0", "", "C", 62.99, 62.99, 39.37, 180],
		[247, "U4_12", 3810, -420, "T", "DIP", "B0", "", "C", 62.99, 62.99, 39.37, 180],
		[248, "U4_12", 3810, -420, "B", "DIP", "B0", "", "C", 62.99, 62.99, 39.37, 180],
		[249, "U4_13", 3810, -520, "T", "DIP", "A0", "", "C", 62.99, 62.99, 39.37, 180],
		[250, "U4_13", 3810, -520, "B", "DIP", "A0", "", "C", 62.99, 62.99, 39.37, 180],
		[251, "U4_14", 3810, -620, "T", "DIP", "XOR0", "", "C", 62.99, 62.99, 39.37, 180],
		[252, "U4_14", 3810, -620, "B", "DIP", "XOR0", "", "C", 62.99, 62.99, 39.37, 180],
		[253, "U4_15", 3810, -720, "T", "DIP", "OR0", "", "C", 62.99, 62.99, 39.37, 180],
		[254, "U4_15", 3810, -720, "B", "DIP", "OR0", "", "C", 62.99, 62.99, 39.37, 180],
		[255, "U4_16", 3810, -820, "T", "DIP", "VCC", "", "C", 62.99, 62.99, 39.37, 180],
		[256, "U4_16", 3810, -820, "B", "DIP", "VCC", "", "C", 62.99, 62.99, 39.37, 180],
		[257, "U5_1", 4125, -1785, "T", "DIP", "AND3", "", "R", 62.99, 62.99, 39.37, 180],
		[258, "U5_1", 4125, -1785, "B", "DIP", "AND3", "", "R", 62.99, 62.99, 39.37, 180],
		[259, "U5_2", 4125, -1685, "T", "DIP", "NOT3", "", "C", 62.99, 62.99, 39.37, 180],
		[260, "U5_2", 4125, -1685, "B", "DIP", "NOT3", "", "C", 62.99, 62.99, 39.37, 180],
		[261, "U5_3", 4125, -1585, "T", "DIP", "ADD3", "", "C", 62.99, 62.99, 39.37, 180],
		[262, "U5_3", 4125, -1585, "B", "DIP", "ADD3", "", "C", 62.99, 62.99, 39.37, 180],
		[263, "U5_4", 4125, -1485, "T", "DIP", "ADD3", "", "C", 62.99, 62.99, 39.37, 180],
		[264, "U5_4", 4125, -1485, "B", "DIP", "ADD3", "", "C", 62.99, 62.99, 39.37, 180],
		[265, "U5_5", 4125, -1385, "T", "DIP", "U5_5", "", "C", 62.99, 62.99, 39.37, 180],
		[266, "U5_5", 4125, -1385, "B", "DIP", "U5_5", "", "C", 62.99, 62.99, 39.37, 180],
		[267, "U5_6", 4125, -1285, "T", "DIP", "N_R3", "", "C", 62.99, 62.99, 39.37, 180],
		[268, "U5_6", 4125, -1285, "B", "DIP", "N_R3", "", "C", 62.99, 62.99, 39.37, 180],
		[269, "U5_7", 4125, -1185, "T", "DIP", "GND", "GND", "C", 62.99, 62.99, 39.37, 180],
		[270, "U5_7", 4125, -1185, "B", "DIP", "GND", "GND", "C", 62.99, 62.99, 39.37, 180],
		[271, "U5_8", 4125, -1085, "T", "DIP", "GND", "GND", "C", 62.99, 62.99, 39.37, 180],
		[272, "U5_8", 4125, -1085, "B", "DIP", "GND", "GND", "C", 62.99, 62.99, 39.37, 180],
		[273, "U5_9", 3825, -1085, "T", "DIP", "AS2", "", "C", 62.99, 62.99, 39.37, 180],
		[274, "U5_9", 3825, -1085, "B", "DIP", "AS2", "", "C", 62.99, 62.99, 39.37, 180],
		[275, "U5_10", 3825, -1185, "T", "DIP", "AS1", "", "C", 62.99, 62.99, 39.37, 180],
		[276, "U5_10", 3825, -1185, "B", "DIP", "AS1", "", "C", 62.99, 62.99, 39.37, 180],
		[277, "U5_11", 3825, -1285, "T", "DIP", "AS0", "", "C", 62.99, 62.99, 39.37, 180],
		[278, "U5_11", 3825, -1285, "B", "DIP", "AS0", "", "C", 62.99, 62.99, 39.37, 180],
		[279, "U5_12", 3825, -1385, "T", "DIP", "B3", "", "C", 62.99, 62.99, 39.37, 180],
		[280, "U5_12", 3825, -1385, "B", "DIP", "B3", "", "C", 62.99, 62.99, 39.37, 180],
		[281, "U5_13", 3825, -1485, "T", "DIP", "A3", "", "C", 62.99, 62.99, 39.37, 180],
		[282, "U5_13", 3825, -1485, "B", "DIP", "A3", "", "C", 62.99, 62.99, 39.37, 180],
		[283, "U5_14", 3825, -1585, "T", "DIP", "XOR3", "", "C", 62.99, 62.99, 39.37, 180],
		[284, "U5_14", 3825, -1585, "B", "DIP", "XOR3", "", "C", 62.99, 62.99, 39.37, 180],
		[285, "U5_15", 3825, -1685, "T", "DIP", "OR3", "", "C", 62.99, 62.99, 39.37, 180],
		[286, "U5_15", 3825, -1685, "B", "DIP", "OR3", "", "C", 62.99, 62.99, 39.37, 180],
		[287, "U5_16", 3825, -1785, "T", "DIP", "VCC", "", "C", 62.99, 62.99, 39.37, 180],
		[288, "U5_16", 3825, -1785, "B", "DIP", "VCC", "", "C", 62.99, 62.99, 39.37, 180],
		[289, "U6_1", 1486.46, -2480.94, "T", "DIP", "A0", "", "R", 78.74, 59.05, 39.37, 90],
		[290, "U6_1", 1486.46, -2480.94, "B", "DIP", "A0", "", "R", 78.74, 59.05, 39.37, 90],
		[291, "U6_2", 1586.46, -2480.94, "T", "DIP", "B0", "", "O", 78.74, 59.05, 39.37, 90],
		[292, "U6_2", 1586.46, -2480.94, "B", "DIP", "B0", "", "O", 78.74, 59.05, 39.37, 90],
		[293, "U6_3", 1686.46, -2480.94, "T", "DIP", "AND0", "", "O", 78.74, 59.05, 39.37, 90],
		[294, "U6_3", 1686.46, -2480.94, "B", "DIP", "AND0", "", "O", 78.74, 59.05, 39.37, 90],
		[295, "U6_4", 1786.46, -2480.94, "T", "DIP", "A1", "", "O", 78.74, 59.05, 39.37, 90],
		[296, "U6_4", 1786.46, -2480.94, "B", "DIP", "A1", "", "O", 78.74, 59.05, 39.37, 90],
		[297, "U6_5", 1886.46, -2480.94, "T", "DIP", "B1", "", "O", 78.74, 59.05, 39.37, 90],
		[298, "U6_5", 1886.46, -2480.94, "B", "DIP", "B1", "", "O", 78.74, 59.05, 39.37, 90],
		[299, "U6_6", 1986.46, -2480.94, "T", "DIP", "AND1", "", "O", 78.74, 59.05, 39.37, 90],
		[300, "U6_6", 1986.46, -2480.94, "B", "DIP", "AND1", "", "O", 78.74, 59.05, 39.37, 90],
		[301, "U6_7", 2086.46, -2480.94, "T", "DIP", "GND", "GND", "O", 78.74, 59.05, 39.37, 90],
		[302, "U6_7", 2086.46, -2480.94, "B", "DIP", "GND", "GND", "O", 78.74, 59.05, 39.37, 90],
		[303, "U6_8", 2086.46, -2180.9, "T", "DIP", "AND2", "", "O", 78.74, 59.05, 39.37, 90],
		[304, "U6_8", 2086.46, -2180.9, "B", "DIP", "AND2", "", "O", 78.74, 59.05, 39.37, 90],
		[305, "U6_9", 1986.46, -2180.94, "T", "DIP", "A2", "", "O", 78.74, 59.05, 39.37, 90],
		[306, "U6_9", 1986.46, -2180.94, "B", "DIP", "A2", "", "O", 78.74, 59.05, 39.37, 90],
		[307, "U6_10", 1886.46, -2180.94, "T", "DIP", "B2", "", "O", 78.74, 59.05, 39.37, 90],
		[308, "U6_10", 1886.46, -2180.94, "B", "DIP", "B2", "", "O", 78.74, 59.05, 39.37, 90],
		[309, "U6_11", 1786.46, -2180.94, "T", "DIP", "AND3", "", "O", 78.74, 59.05, 39.37, 90],
		[310, "U6_11", 1786.46, -2180.94, "B", "DIP", "AND3", "", "O", 78.74, 59.05, 39.37, 90],
		[311, "U6_12", 1686.46, -2180.94, "T", "DIP", "A3", "", "O", 78.74, 59.05, 39.37, 90],
		[312, "U6_12", 1686.46, -2180.94, "B", "DIP", "A3", "", "O", 78.74, 59.05, 39.37, 90],
		[313, "U6_13", 1586.46, -2180.94, "T", "DIP", "B3", "", "O", 78.74, 59.05, 39.37, 90],
		[314, "U6_13", 1586.46, -2180.94, "B", "DIP", "B3", "", "O", 78.74, 59.05, 39.37, 90],
		[315, "U6_14", 1486.46, -2180.94, "T", "DIP", "VCC", "", "O", 78.74, 59.05, 39.37, 90],
		[316, "U6_14", 1486.46, -2180.94, "B", "DIP", "VCC", "", "O", 78.74, 59.05, 39.37, 90],
		[317, "U9_1", 3525, -2491.06, "T", "DIP", "A0", "", "R", 78.74, 59.05, 39.37, 90],
		[318, "U9_1", 3525, -2491.06, "B", "DIP", "A0", "", "R", 78.74, 59.05, 39.37, 90],
		[319, "U9_2", 3625, -2491.06, "T", "DIP", "B0", "", "O", 78.74, 59.05, 39.37, 90],
		[320, "U9_2", 3625, -2491.06, "B", "DIP", "B0", "", "O", 78.74, 59.05, 39.37, 90],
		[321, "U9_3", 3725, -2491.06, "T", "DIP", "XOR0", "", "O", 78.74, 59.05, 39.37, 90],
		[322, "U9_3", 3725, -2491.06, "B", "DIP", "XOR0", "", "O", 78.74, 59.05, 39.37, 90],
		[323, "U9_4", 3825, -2491.06, "T", "DIP", "A1", "", "O", 78.74, 59.05, 39.37, 90],
		[324, "U9_4", 3825, -2491.06, "B", "DIP", "A1", "", "O", 78.74, 59.05, 39.37, 90],
		[325, "U9_5", 3925, -2491.06, "T", "DIP", "B1", "", "O", 78.74, 59.05, 39.37, 90],
		[326, "U9_5", 3925, -2491.06, "B", "DIP", "B1", "", "O", 78.74, 59.05, 39.37, 90],
		[327, "U9_6", 4025, -2491.06, "T", "DIP", "XOR1", "", "O", 78.74, 59.05, 39.37, 90],
		[328, "U9_6", 4025, -2491.06, "B", "DIP", "XOR1", "", "O", 78.74, 59.05, 39.37, 90],
		[329, "U9_7", 4125, -2491.06, "T", "DIP", "GND", "GND", "O", 78.74, 59.05, 39.37, 90],
		[330, "U9_7", 4125, -2491.06, "B", "DIP", "GND", "GND", "O", 78.74, 59.05, 39.37, 90],
		[331, "U9_8", 4125, -2191.06, "T", "DIP", "XOR2", "", "O", 78.74, 59.05, 39.37, 90],
		[332, "U9_8", 4125, -2191.06, "B", "DIP", "XOR2", "", "O", 78.74, 59.05, 39.37, 90],
		[333, "U9_9", 4025, -2191.06, "T", "DIP", "A2", "", "O", 78.74, 59.05, 39.37, 90],
		[334, "U9_9", 4025, -2191.06, "B", "DIP", "A2", "", "O", 78.74, 59.05, 39.37, 90],
		[335, "U9_10", 3925, -2191.06, "T", "DIP", "B2", "", "O", 78.74, 59.05, 39.37, 90],
		[336, "U9_10", 3925, -2191.06, "B", "DIP", "B2", "", "O", 78.74, 59.05, 39.37, 90],
		[337, "U9_11", 3825, -2191.06, "T", "DIP", "XOR3", "", "O", 78.74, 59.05, 39.37, 90],
		[338, "U9_11", 3825, -2191.06, "B", "DIP", "XOR3", "", "O", 78.74, 59.05, 39.37, 90],
		[339, "U9_12", 3725, -2191.06, "T", "DIP", "A3", "", "O", 78.74, 59.05, 39.37, 90],
		[340, "U9_12", 3725, -2191.06, "B", "DIP", "A3", "", "O", 78.74, 59.05, 39.37, 90],
		[341, "U9_13", 3625, -2191.06, "T", "DIP", "B3", "", "O", 78.74, 59.05, 39.37, 90],
		[342, "U9_13", 3625, -2191.06, "B", "DIP", "B3", "", "O", 78.74, 59.05, 39.37, 90],
		[343, "U9_14", 3525, -2191.06, "T", "DIP", "VCC", "", "O", 78.74, 59.05, 39.37, 90],
		[344, "U9_14", 3525, -2191.06, "B", "DIP", "VCC", "", "O", 78.74, 59.05, 39.37, 90],
		[345, "U10_1", 4439.14, -1605, "T", "DIP", "A3", "", "R", 66.93, 66.93, 39.37, 90],
		[346, "U10_1", 4439.14, -1605, "B", "DIP", "A3", "", "R", 66.93, 66.93, 39.37, 90],
		[347, "U10_2", 4539.14, -1605, "T", "DIP", "ADD2", "", "C", 66.93, 66.93, 39.37, 90],
		[348, "U10_2", 4539.14, -1605, "B", "DIP", "ADD2", "", "C", 66.93, 66.93, 39.37, 90],
		[349, "U10_3", 4639.14, -1605, "T", "DIP", "A2", "", "C", 66.93, 66.93, 39.37, 90],
		[350, "U10_3", 4639.14, -1605, "B", "DIP", "A2", "", "C", 66.93, 66.93, 39.37, 90],
		[351, "U10_4", 4739.14, -1605, "T", "DIP", "B2X", "", "C", 66.93, 66.93, 39.37, 90],
		[352, "U10_4", 4739.14, -1605, "B", "DIP", "B2X", "", "C", 66.93, 66.93, 39.37, 90],
		[353, "U10_5", 4839.14, -1605, "T", "DIP", "VCC", "", "C", 66.93, 66.93, 39.37, 90],
		[354, "U10_5", 4839.14, -1605, "B", "DIP", "VCC", "", "C", 66.93, 66.93, 39.37, 90],
		[355, "U10_6", 4939.14, -1605, "T", "DIP", "ADD1", "", "C", 66.93, 66.93, 39.37, 90],
		[356, "U10_6", 4939.14, -1605, "B", "DIP", "ADD1", "", "C", 66.93, 66.93, 39.37, 90],
		[357, "U10_7", 5039.14, -1605, "T", "DIP", "B1X", "", "C", 66.93, 66.93, 39.37, 90],
		[358, "U10_7", 5039.14, -1605, "B", "DIP", "B1X", "", "C", 66.93, 66.93, 39.37, 90],
		[359, "U10_8", 5139.14, -1605, "T", "DIP", "A1", "", "C", 66.93, 66.93, 39.37, 90],
		[360, "U10_8", 5139.14, -1605, "B", "DIP", "A1", "", "C", 66.93, 66.93, 39.37, 90],
		[361, "U10_9", 5139.14, -1305, "T", "DIP", "ADD0", "", "C", 66.93, 66.93, 39.37, 90],
		[362, "U10_9", 5139.14, -1305, "B", "DIP", "ADD0", "", "C", 66.93, 66.93, 39.37, 90],
		[363, "U10_10", 5039.14, -1305, "T", "DIP", "A0", "", "C", 66.93, 66.93, 39.37, 90],
		[364, "U10_10", 5039.14, -1305, "B", "DIP", "A0", "", "C", 66.93, 66.93, 39.37, 90],
		[365, "U10_11", 4939.14, -1305, "T", "DIP", "B0X", "", "C", 66.93, 66.93, 39.37, 90],
		[366, "U10_11", 4939.14, -1305, "B", "DIP", "B0X", "", "C", 66.93, 66.93, 39.37, 90],
		[367, "U10_12", 4839.14, -1305, "T", "DIP", "GND", "GND", "C", 66.93, 66.93, 39.37, 90],
		[368, "U10_12", 4839.14, -1305, "B", "DIP", "GND", "GND", "C", 66.93, 66.93, 39.37, 90],
		[369, "U10_13", 4739.14, -1305, "T", "DIP", "AS0", "", "C", 66.93, 66.93, 39.37, 90],
		[370, "U10_13", 4739.14, -1305, "B", "DIP", "AS0", "", "C", 66.93, 66.93, 39.37, 90],
		[371, "U10_14", 4639.14, -1305, "T", "DIP", "$1N5641", "", "C", 66.93, 66.93, 39.37, 90],
		[372, "U10_14", 4639.14, -1305, "B", "DIP", "$1N5641", "", "C", 66.93, 66.93, 39.37, 90],
		[373, "U10_15", 4539.14, -1305, "T", "DIP", "ADD3", "", "C", 66.93, 66.93, 39.37, 90],
		[374, "U10_15", 4539.14, -1305, "B", "DIP", "ADD3", "", "C", 66.93, 66.93, 39.37, 90],
		[375, "U10_16", 4439.14, -1305, "T", "DIP", "B3X", "", "C", 66.93, 66.93, 39.37, 90],
		[376, "U10_16", 4439.14, -1305, "B", "DIP", "B3X", "", "C", 66.93, 66.93, 39.37, 90],
		[377, "U12_1", 4500.41, -2485, "T", "DIP", "ADD3", "", "R", 78.74, 59.05, 39.37, 90],
		[378, "U12_1", 4500.41, -2485, "B", "DIP", "ADD3", "", "R", 78.74, 59.05, 39.37, 90],
		[379, "U12_2", 4600.41, -2485, "T", "DIP", "$1N5641", "", "O", 78.74, 59.05, 39.37, 90],
		[380, "U12_2", 4600.41, -2485, "B", "DIP", "$1N5641", "", "O", 78.74, 59.05, 39.37, 90],
		[381, "U12_3", 4700.41, -2485, "T", "DIP", "OVFL", "", "O", 78.74, 59.05, 39.37, 90],
		[382, "U12_3", 4700.41, -2485, "B", "DIP", "OVFL", "", "O", 78.74, 59.05, 39.37, 90],
		[383, "U12_4", 4800.41, -2485, "T", "DIP", "$1N5641", "", "O", 78.74, 59.05, 39.37, 90],
		[384, "U12_4", 4800.41, -2485, "B", "DIP", "$1N5641", "", "O", 78.74, 59.05, 39.37, 90],
		[385, "U12_5", 4900.41, -2485, "T", "DIP", "AS0", "", "O", 78.74, 59.05, 39.37, 90],
		[386, "U12_5", 4900.41, -2485, "B", "DIP", "AS0", "", "O", 78.74, 59.05, 39.37, 90],
		[387, "U12_6", 5000.41, -2485, "T", "DIP", "OVFL_U", "", "O", 78.74, 59.05, 39.37, 90],
		[388, "U12_6", 5000.41, -2485, "B", "DIP", "OVFL_U", "", "O", 78.74, 59.05, 39.37, 90],
		[389, "U12_7", 5100.41, -2485, "T", "DIP", "GND", "GND", "O", 78.74, 59.05, 39.37, 90],
		[390, "U12_7", 5100.41, -2485, "B", "DIP", "GND", "GND", "O", 78.74, 59.05, 39.37, 90],
		[391, "U12_8", 5100.41, -2185, "T", "DIP", "U12_8", "", "O", 78.74, 59.05, 39.37, 90],
		[392, "U12_8", 5100.41, -2185, "B", "DIP", "U12_8", "", "O", 78.74, 59.05, 39.37, 90],
		[393, "U12_9", 5000.41, -2185, "T", "DIP", "U12_9", "", "O", 78.74, 59.05, 39.37, 90],
		[394, "U12_9", 5000.41, -2185, "B", "DIP", "U12_9", "", "O", 78.74, 59.05, 39.37, 90],
		[395, "U12_10", 4900.41, -2185, "T", "DIP", "U12_10", "", "O", 78.74, 59.05, 39.37, 90],
		[396, "U12_10", 4900.41, -2185, "B", "DIP", "U12_10", "", "O", 78.74, 59.05, 39.37, 90],
		[397, "U12_11", 4800.41, -2185, "T", "DIP", "U12_11", "", "O", 78.74, 59.05, 39.37, 90],
		[398, "U12_11", 4800.41, -2185, "B", "DIP", "U12_11", "", "O", 78.74, 59.05, 39.37, 90],
		[399, "U12_12", 4700.41, -2185, "T", "DIP", "U12_12", "", "O", 78.74, 59.05, 39.37, 90],
		[400, "U12_12", 4700.41, -2185, "B", "DIP", "U12_12", "", "O", 78.74, 59.05, 39.37, 90],
		[401, "U12_13", 4600.41, -2185, "T", "DIP", "U12_13", "", "O", 78.74, 59.05, 39.37, 90],
		[402, "U12_13", 4600.41, -2185, "B", "DIP", "U12_13", "", "O", 78.74, 59.05, 39.37, 90],
		[403, "U12_14", 4500.41, -2185, "T", "DIP", "VCC", "", "O", 78.74, 59.05, 39.37, 90],
		[404, "U12_14", 4500.41, -2185, "B", "DIP", "VCC", "", "O", 78.74, 59.05, 39.37, 90],
		[405, "U13_1", 4495, -785, "T", "DIP", "AS0", "", "R", 78.74, 59.05, 39.37, 90],
		[406, "U13_1", 4495, -785, "B", "DIP", "AS0", "", "R", 78.74, 59.05, 39.37, 90],
		[407, "U13_2", 4595, -785, "T", "DIP", "B0", "", "O", 78.74, 59.05, 39.37, 90],
		[408, "U13_2", 4595, -785, "B", "DIP", "B0", "", "O", 78.74, 59.05, 39.37, 90],
		[409, "U13_3", 4695, -785, "T", "DIP", "B0X", "", "O", 78.74, 59.05, 39.37, 90],
		[410, "U13_3", 4695, -785, "B", "DIP", "B0X", "", "O", 78.74, 59.05, 39.37, 90],
		[411, "U13_4", 4795, -785, "T", "DIP", "AS0", "", "O", 78.74, 59.05, 39.37, 90],
		[412, "U13_4", 4795, -785, "B", "DIP", "AS0", "", "O", 78.74, 59.05, 39.37, 90],
		[413, "U13_5", 4895, -785, "T", "DIP", "B1", "", "O", 78.74, 59.05, 39.37, 90],
		[414, "U13_5", 4895, -785, "B", "DIP", "B1", "", "O", 78.74, 59.05, 39.37, 90],
		[415, "U13_6", 4995, -785, "T", "DIP", "B1X", "", "O", 78.74, 59.05, 39.37, 90],
		[416, "U13_6", 4995, -785, "B", "DIP", "B1X", "", "O", 78.74, 59.05, 39.37, 90],
		[417, "U13_7", 5095, -785, "T", "DIP", "GND", "GND", "O", 78.74, 59.05, 39.37, 90],
		[418, "U13_7", 5095, -785, "B", "DIP", "GND", "GND", "O", 78.74, 59.05, 39.37, 90],
		[419, "U13_8", 5095, -485, "T", "DIP", "B2X", "", "O", 78.74, 59.05, 39.37, 90],
		[420, "U13_8", 5095, -485, "B", "DIP", "B2X", "", "O", 78.74, 59.05, 39.37, 90],
		[421, "U13_9", 4995, -485, "T", "DIP", "AS0", "", "O", 78.74, 59.05, 39.37, 90],
		[422, "U13_9", 4995, -485, "B", "DIP", "AS0", "", "O", 78.74, 59.05, 39.37, 90],
		[423, "U13_10", 4895, -485, "T", "DIP", "B2", "", "O", 78.74, 59.05, 39.37, 90],
		[424, "U13_10", 4895, -485, "B", "DIP", "B2", "", "O", 78.74, 59.05, 39.37, 90],
		[425, "U13_11", 4795, -485, "T", "DIP", "B3X", "", "O", 78.74, 59.05, 39.37, 90],
		[426, "U13_11", 4795, -485, "B", "DIP", "B3X", "", "O", 78.74, 59.05, 39.37, 90],
		[427, "U13_12", 4695, -485, "T", "DIP", "AS0", "", "O", 78.74, 59.05, 39.37, 90],
		[428, "U13_12", 4695, -485, "B", "DIP", "AS0", "", "O", 78.74, 59.05, 39.37, 90],
		[429, "U13_13", 4595, -485, "T", "DIP", "B3", "", "O", 78.74, 59.05, 39.37, 90],
		[430, "U13_13", 4595, -485, "B", "DIP", "B3", "", "O", 78.74, 59.05, 39.37, 90],
		[431, "U13_14", 4495, -485, "T", "DIP", "VCC", "", "O", 78.74, 59.05, 39.37, 90],
		[432, "U13_14", 4495, -485, "B", "DIP", "VCC", "", "O", 78.74, 59.05, 39.37, 90],
		[433, "U14_1", 2520, -2485, "T", "DIP", "A0", "", "R", 78.74, 59.05, 39.37, 90],
		[434, "U14_1", 2520, -2485, "B", "DIP", "A0", "", "R", 78.74, 59.05, 39.37, 90],
		[435, "U14_2", 2620, -2485, "T", "DIP", "B0", "", "O", 78.74, 59.05, 39.37, 90],
		[436, "U14_2", 2620, -2485, "B", "DIP", "B0", "", "O", 78.74, 59.05, 39.37, 90],
		[437, "U14_3", 2720, -2485, "T", "DIP", "OR0", "", "O", 78.74, 59.05, 39.37, 90],
		[438, "U14_3", 2720, -2485, "B", "DIP", "OR0", "", "O", 78.74, 59.05, 39.37, 90],
		[439, "U14_4", 2820, -2485, "T", "DIP", "A1", "", "O", 78.74, 59.05, 39.37, 90],
		[440, "U14_4", 2820, -2485, "B", "DIP", "A1", "", "O", 78.74, 59.05, 39.37, 90],
		[441, "U14_5", 2920, -2485, "T", "DIP", "B1", "", "O", 78.74, 59.05, 39.37, 90],
		[442, "U14_5", 2920, -2485, "B", "DIP", "B1", "", "O", 78.74, 59.05, 39.37, 90],
		[443, "U14_6", 3020, -2485, "T", "DIP", "OR1", "", "O", 78.74, 59.05, 39.37, 90],
		[444, "U14_6", 3020, -2485, "B", "DIP", "OR1", "", "O", 78.74, 59.05, 39.37, 90],
		[445, "U14_7", 3120, -2485, "T", "DIP", "GND", "GND", "O", 78.74, 59.05, 39.37, 90],
		[446, "U14_7", 3120, -2485, "B", "DIP", "GND", "GND", "O", 78.74, 59.05, 39.37, 90],
		[447, "U14_8", 3120, -2185, "T", "DIP", "OR2", "", "O", 78.74, 59.05, 39.37, 90],
		[448, "U14_8", 3120, -2185, "B", "DIP", "OR2", "", "O", 78.74, 59.05, 39.37, 90],
		[449, "U14_9", 3020, -2185, "T", "DIP", "A2", "", "O", 78.74, 59.05, 39.37, 90],
		[450, "U14_9", 3020, -2185, "B", "DIP", "A2", "", "O", 78.74, 59.05, 39.37, 90],
		[451, "U14_10", 2920, -2185, "T", "DIP", "B2", "", "O", 78.74, 59.05, 39.37, 90],
		[452, "U14_10", 2920, -2185, "B", "DIP", "B2", "", "O", 78.74, 59.05, 39.37, 90],
		[453, "U14_11", 2820, -2185, "T", "DIP", "OR3", "", "O", 78.74, 59.05, 39.37, 90],
		[454, "U14_11", 2820, -2185, "B", "DIP", "OR3", "", "O", 78.74, 59.05, 39.37, 90],
		[455, "U14_12", 2720, -2185, "T", "DIP", "A3", "", "O", 78.74, 59.05, 39.37, 90],
		[456, "U14_12", 2720, -2185, "B", "DIP", "A3", "", "O", 78.74, 59.05, 39.37, 90],
		[457, "U14_13", 2620, -2185, "T", "DIP", "B3", "", "O", 78.74, 59.05, 39.37, 90],
		[458, "U14_13", 2620, -2185, "B", "DIP", "B3", "", "O", 78.74, 59.05, 39.37, 90],
		[459, "U14_14", 2520, -2185, "T", "DIP", "VCC", "", "O", 78.74, 59.05, 39.37, 90],
		[460, "U14_14", 2520, -2185, "B", "DIP", "VCC", "", "O", 78.74, 59.05, 39.37, 90],
		[461, "USB1_7", 218.42, -109.92, "T", "DIP", "USB1_7", "", "O", 49.21, 78.74, 51.18, 270],
		[462, "USB1_7", 218.42, -109.92, "B", "DIP", "USB1_7", "", "O", 49.21, 78.74, 51.18, 270],
		[463, "USB1_8", 218.43, -450.08, "T", "DIP", "USB1_8", "", "O", 49.21, 78.74, 51.18, 270],
		[464, "USB1_8", 218.43, -450.08, "B", "DIP", "USB1_8", "", "O", 49.21, 78.74, 51.18, 270],
		[465, "USB1_9", 70.78, -109.92, "T", "DIP", "USB1_9", "", "O", 49.21, 78.74, 51.18, 270],
		[466, "USB1_9", 70.78, -109.92, "B", "DIP", "USB1_9", "", "O", 49.21, 78.74, 51.18, 270],
		[467, "USB1_10", 70.79, -450.08, "T", "DIP", "USB1_10", "", "O", 49.21, 78.74, 51.18, 270],
		[468, "USB1_10", 70.79, -450.08, "B", "DIP", "USB1_10", "", "O", 49.21, 78.74, 51.18, 270],
		[469, "USB1_A12", 239.22, -388.27, "T", "SMD", "GND", "GND", "R", 35.43, 47.24, 0, 270],
		[470, "USB1_A5", 239.22, -260.32, "T", "SMD", "USB1_A5", "", "R", 27.56, 47.24, 0, 270],
		[471, "USB1_A9", 239.22, -339.84, "T", "SMD", "VCC", "", "R", 31.5, 47.24, 0, 270],
		[472, "USB1_B12", 239.22, -171.73, "T", "SMD", "GND", "GND", "R", 35.43, 47.24, 0, 270],
		[473, "USB1_B5", 239.22, -299.69, "T", "SMD", "USB1_B5", "", "R", 27.56, 47.24, 0, 270],
		[474, "USB1_B9", 239.22, -220.16, "T", "SMD", "VCC", "", "R", 31.5, 47.24, 0, 270]
	]
}
}